{
  "metrics": {
    "balance_inconsistency_amount": {
      "count": 18228.40000000008,
      "rate": 298.52853782905703
    },
    "data_received": {
      "count": 3319170,
      "rate": 54358.41691569566
    },
    "data_sent": {
      "count": 3031898,
      "rate": 49653.73136352276
    },
    "default_total_amount": {
      "count": 282162.0999999693,
      "rate": 4621.000150521529
    },
    "default_total_fee": {
      "count": 14108.104999998466,
      "rate": 231.05000752607643
    },
    "default_total_requests": {
      "count": 14179,
      "rate": 232.21106284030307
    },
    "fallback_total_amount": {
      "count": 18108.999999999916,
      "rate": 296.57311072537055
    },
    "fallback_total_fee": {
      "count": 2716.349999999987,
      "rate": 44.485966608805576
    },
    "fallback_total_requests": {
      "count": 910,
      "rate": 14.90317139323477
    },
    "http_req_blocked": {
      "count": 15088,
      "p(98)": 0.34125999999999973,
      "p(99)": 0.42912999999999984
    },
    "http_req_connecting": {
      "count": 15088,
      "p(98)": 0.291,
      "p(99)": 0.35712999999999984
    },
    "http_req_duration": {
      "count": 15088,
      "p(98)": 56.05611999999999,
      "p(99)": 99.10206999999991
    },
    "http_req_duration{expected_response:true}": {
      "count": 15087,
      "p(98)": 56.05635999999999,
      "p(99)": 99.10845999999992
    },
    "http_req_failed": {
      "fails": 15087,
      "passes": 1,
      "value": 0.0000662778366914104
    },
    "http_req_receiving": {
      "count": 15088,
      "p(98)": 0.099,
      "p(99)": 0.12612999999999985
    },
    "http_req_sending": {
      "count": 15088,
      "p(98)": 0.066,
      "p(99)": 0.11012999999999987
    },
    "http_req_tls_handshaking": {
      "count": 15088,
      "p(98)": 0,
      "p(99)": 0
    },
    "http_req_waiting": {
      "count": 15088,
      "p(98)": 56.03733999999999,
      "p(99)": 99.0544899999999
    },
    "http_reqs": {
      "count": 15088,
      "rate": 247.09785712211672
    },
    "iteration_duration": {
      "count": 15050,
      "p(98)": 1064.6731408399999,
      "p(99)": 1113.2132900000001
    },
    "iterations": {
      "count": 15050,
      "rate": 246.4755268881135
    },
    "total_transactions_amount": {
      "count": 300271.09999996924,
      "rate": 4917.573261246899
    },
    "transactions_failure": {
      "count": 0,
      "rate": 0
    },
    "transactions_success": {
      "count": 15038,
      "rate": 246.27900155105985
    },
    "vus": {
      "max": 499,
      "min": 8,
      "value": 58
    },
    "vus_max": {
      "max": 504,
      "min": 504,
      "value": 504
    }
  },
  "root_group": {
    "checks": {},
    "groups": {},
    "id": "d41d8cd98f00b204e9800998ecf8427e",
    "name": "",
    "path": ""
  }
}
